Absolute Zero,217,100,73,0,72,186,#0048BA
Acajou,65,86,75,76,47,39,#4C2F27
Acid green,65,86,75,176,191,26,#B0BF1A
Aero,206,47,91,124,185,232,#7CB9E8
Aero blue,151,21,100,201,255,229,#C9FFE5
African violet,288,31,75,178,132,190,#B284BE
Air Force blue (RAF),204,45,66,93,138,168,#5D8AA8
Air Force blue (USAF),220,100,56,0,48,143,#00308F
Air superiority blue,205,41,76,114,160,193,#72A0C1
Alabama crimson,346,100,69,175,0,42,#AF002A
Alice blue,208,6,100,240,248,255,#F0F8FF
Alien Armpit,85,99,87,132,222,2,#84DE02
Alizarin crimson,355,83,89,227,38,54,#E32636
Alloy orange,27,92,77,196,98,16,#C46210
Almond,30,14,94,239,222,205,#EFDECD
Amaranth,348,81,90,229,43,80,#E52B50
Amaranth deep purple,328,73,62,159,43,104,#9F2B68
Amaranth pink,338,35,95,241,156,187,#F19CBB
Amaranth purple,342,77,67,171,39,79,#AB274F
Amaranth red,356,84,83,211,33,45,#D3212D
Amazon,147,52,48,59,122,87,#3B7A57
Amber,45,100,100,255,191,0,#FFBF00
Amber (SAE/ECE),30,100,100,255,126,0,#FF7E00
American rose,346,99,100,255,3,62,#FF033E
Amethyst,270,50,80,153,102,204,#9966CC
Android green,74,71,78,164,198,57,#A4C639
Anti-flash white,210,1,96,242,243,244,#F2F3F4
Antique brass,22,43,80,205,149,117,#CD9575
Antique bronze,53,71,40,102,93,30,#665D1E
Antique fuchsia,316,37,57,145,92,131,#915C83
Antique ruby,350,80,52,132,27,45,#841B2D
Antique white,34,14,98,250,235,215,#FAEBD7
Ao (English),120,100,50,0,128,0,#008000
Apple green,74,100,71,141,182,0,#8DB600
Apricot,24,29,98,251,206,177,#FBCEB1
Aqua,180,100,100,0,255,255,#00FFFF
Aquamarine,160,50,100,127,255,212,#7FFFD4
Arctic lime,72,92,100,208,255,20,#D0FF14
Army green,69,61,33,75,83,32,#4B5320
Arsenic,206,21,29,59,68,75,#3B444B
Artichoke,76,20,59,143,151,121,#8F9779
Arylide yellow,51,54,91,233,214,107,#E9D66B
Ash grey,135,6,75,178,190,181,#B2BEB5
Asparagus,93,37,66,135,169,107,#87A96B
Atomic tangerine,20,60,100,255,153,102,#FF9966
Auburn,0,75,65,165,42,42,#A52A2A
Aureolin,56,100,99,253,238,0,#FDEE00
AuroMetalSaurus,183,14,50,110,127,128,#6E7F80
Avocado,81,98,51,86,130,3,#568203
Aztec Gold,38,57,77,195,153,83,#C39953
Azure,210,100,100,0,127,255,#007FFF
Azure (web color),180,6,100,240,255,255,#F0FFFF
Azure mist,180,6,100,240,255,255,#F0FFFF
Azureish white,206,10,96,219,233,244,#DBE9F4
Baby blue,199,43,94,137,207,240,#89CFF0
Baby blue eyes,209,33,95,161,202,241,#A1CAF1
Baby pink,0,20,96,244,194,194,#F4C2C2
Baby powder,60,2,100,254,254,250,#FEFEFA
Baker-Miller pink,344,43,100,255,145,175,#FF91AF
Ball blue,192,84,80,33,171,205,#21ABCD
Banana Mania,43,28,98,250,231,181,#FAE7B5
Banana yellow,51,79,100,255,225,53,#FFE135
Bangladesh green,164,100,42,0,106,78,#006A4E
Barbie pink,327,85,88,224,33,138,#E0218A
Barn red,4,98,49,124,10,2,#7C0A02
Battery Charged Blue,194,86,84,29,172,214,#1DACD6
Battleship grey,60,2,52,132,132,130,#848482
Bazaar,353,22,60,152,119,123,#98777B
Beau blue,206,18,90,188,212,230,#BCD4E6
Beaver,22,30,62,159,129,112,#9F8170
Beige,60,10,96,245,245,220,#F5F5DC
B'dazzled blue,215,69,58,46,88,148,#2E5894
Big dip o’ruby,345,76,61,156,37,66,#9C2542
Big Foot Feet,22,61,91,232,142,90,#E88E5A
Bisque,33,23,100,255,228,196,#FFE4C4
Bistre,24,49,24,61,43,31,#3D2B1F
Bistre brown,43,85,59,150,113,23,#967117
Bitter lemon,66,94,88,202,224,13,#CAE00D
Bitter lime,75,100,100,191,255,0,#BFFF00
Bittersweet,6,63,100,254,111,94,#FE6F5E
Bittersweet shimmer,359,59,75,191,79,81,#BF4F51
Black,0,0,0,0,0,0,#000000
Black bean,10,97,24,61,12,2,#3D0C02
Black Coral,209,24,44,84,98,111,#54626F
Black leather jacket,135,30,21,37,53,41,#253529
Black olive,70,10,24,59,60,54,#3B3C36
Black Shadows,349,8,75,191,175,178,#BFAFB2
Blanched almond,36,20,100,255,235,205,#FFEBCD
Blast-off bronze,12,39,65,165,113,100,#A57164
Bleu de France,210,79,91,49,140,231,#318CE7
Blizzard Blue,188,28,93,172,229,238,#ACE5EE
Blond,50,24,98,250,240,190,#FAF0BE
Blue,240,100,100,0,0,255,#0000FF
Blue (Crayola),217,88,100,31,117,254,#1F75FE
Blue (Munsell),190,100,69,0,147,175,#0093AF
Blue (NCS),197,100,74,0,135,189,#0087BD
Blue (Pantone),231,100,66,0,24,168,#0018A8
Blue (pigment),240,67,60,51,51,153,#333399
Blue (RYB),224,99,100,2,71,254,#0247FE
Blue Bell,240,22,82,162,162,208,#A2A2D0
Blue Bolt,196,100,98,0,185,251,#00B9FB
Blue-gray,210,50,80,102,153,204,#6699CC
Blue-green,192,93,73,13,152,186,#0D98BA
Blue Jeans,206,61,93,93,173,236,#5DADEC
Blue Lagoon,188,28,93,172,229,238,#ACE5EE
Blue-magenta violet,261,64,57,85,53,146,#553592
Blue sapphire,197,86,50,18,97,128,#126180
Blue-violet,271,81,89,138,43,226,#8A2BE2
Blue yonder,217,52,65,80,114,167,#5072A7
Blueberry,220,68,97,79,134,247,#4F86F7
Bluebonnet,240,88,94,28,28,240,#1C1CF0
Blush,342,58,87,222,93,131,#DE5D83
Bole,9,51,47,121,68,59,#79443B
Bondi blue,191,100,71,0,149,182,#0095B6
Bone,39,11,89,227,218,201,#E3DAC9
Booger Buster,63,53,89,221,226,106,#DDE26A
Boston University Red,0,100,80,204,0,0,#CC0000
Bottle green,164,100,42,0,106,78,#006A4E
Boysenberry,328,63,53,135,50,96,#873260
Brandeis blue,214,100,100,0,112,255,#0070FF
Brass,52,64,71,181,166,66,#B5A642
Brick red,352,68,80,203,65,84,#CB4154
Bright cerulean,194,86,84,29,172,214,#1DACD6
Bright green,96,100,100,102,255,0,#66FF00
Bright lavender,272,35,89,191,148,228,#BF94E4
Bright lilac,285,39,94,216,145,239,#D891EF
Bright maroon,346,83,76,195,33,72,#C32148
Bright navy blue,210,88,82,25,116,210,#1974D2
Bright pink,330,100,100,255,0,127,#FF007F
Bright turquoise,177,97,91,8,232,222,#08E8DE
Bright ube,281,31,91,209,159,232,#D19FE8
Bright Yellow (Crayola),37,89,100,255,170,29,#FFAA1D
Brilliant azure,210,80,100,51,153,255,#3399FF
Brilliant lavender,290,27,100,244,187,255,#F4BBFF
Brilliant rose,332,67,100,255,85,163,#FF55A3
Brink pink,348,62,98,251,96,127,#FB607F
British racing green,154,100,26,0,66,37,#004225
Bronze,30,76,80,205,127,50,#CD7F32
Bronze Yellow,58,100,45,115,112,0,#737000
Brown (traditional),30,100,59,150,75,0,#964B00
Brown (web),0,75,65,165,42,42,#A52A2A
Brown-nose,28,67,42,107,68,35,#6B4423
Brown Sugar,20,56,69,175,110,77,#AF6E4D
Brown Yellow,30,50,80,204,153,102,#cc9966
Brunswick green,162,65,30,27,77,62,#1B4D3E
Bubble gum,349,24,100,255,193,204,#FFC1CC
Bubbles,183,9,100,231,254,255,#E7FEFF
Bud green,102,47,71,123,182,97,#7BB661
Buff,49,46,94,240,220,130,#F0DC82
Bulgarian rose,359,92,28,72,6,7,#480607
Burgundy,345,100,50,128,0,32,#800020
Burlywood,34,39,87,222,184,135,#DEB887
Burnished Brown,8,28,63,161,122,116,#A17A74
Burnt orange,25,100,80,204,85,0,#CC5500
Burnt sienna,14,65,91,233,116,81,#E97451
Burnt umber,9,74,54,138,51,36,#8A3324
Byzantine,311,73,74,189,51,164,#BD33A4
Byzantium,311,63,44,112,41,99,#702963
Cadet,199,27,45,83,104,114,#536872
Cadet blue,182,41,63,95,158,160,#5F9EA0
Cadet grey,205,18,69,145,163,176,#91A3B0
Cadmium green,154,100,42,0,107,60,#006B3C
Cadmium orange,28,81,93,237,135,45,#ED872D
Cadmium red,351,100,89,227,0,34,#E30022
Cadmium yellow,58,100,100,255,246,0,#FFF600
Café au lait,26,45,65,166,123,91,#A67B5B
Café noir,30,56,29,75,54,33,#4B3621
Cal Poly green,137,61,30,30,77,43,#1E4D2B
Cambridge Blue,140,16,76,163,193,173,#A3C1AD
Camel,33,45,76,193,154,107,#C19A6B
Cameo pink,340,22,94,239,187,204,#EFBBCC
Camouflage green,91,20,53,120,134,107,#78866B
Canary,60,40,100,255,255,153,#FFFF99
Canary yellow,56,100,100,255,239,0,#FFEF00
Candy apple red,2,100,100,255,8,0,#FF0800
Candy pink,355,50,89,228,113,122,#E4717A
Capri,195,100,100,0,191,255,#00BFFF
Caput mortuum,7,64,35,89,39,32,#592720
Cardinal,350,85,77,196,30,58,#C41E3A
Caribbean green,165,100,80,0,204,153,#00CC99
Carmine,350,100,59,150,0,24,#960018
Carmine (M&P),342,100,84,215,0,64,#D70040
Carmine pink,4,72,92,235,76,66,#EB4C42
Carmine red,347,100,100,255,0,56,#FF0038
Carnation pink,336,35,100,255,166,201,#FFA6C9
Carnelian,0,85,70,179,27,27,#B31B1B
Carolina blue,204,59,83,86,160,211,#56A0D3
Carrot orange,33,86,93,237,145,33,#ED9121
Castleton green,164,100,34,0,86,63,#00563F
Catalina blue,221,95,47,6,42,120,#062A78
Catawba,348,52,44,112,54,66,#703642
Cedar Chest,8,64,79,201,90,73,#C95A49
Ceil,225,29,81,146,161,207,#92A1CF
Celadon,123,24,88,172,225,175,#ACE1AF
Celadon blue,196,100,65,0,123,167,#007BA7
Celadon green,174,64,52,47,132,124,#2F847C
Celeste,180,30,100,178,255,255,#B2FFFF
Celestial blue,205,65,82,73,151,208,#4997D0
Cerise,343,78,87,222,49,99,#DE3163
Cerise pink,336,75,93,236,59,131,#EC3B83
Cerulean,196,100,65,0,123,167,#007BA7
Cerulean blue,224,78,75,42,82,190,#2A52BE
Cerulean frost,208,44,76,109,155,195,#6D9BC3
CG Blue,196,100,65,0,122,165,#007AA5
CG Red,4,78,88,224,60,49,#E03C31
Chamoisee,26,44,63,160,120,90,#A0785A
Champagne,37,17,97,247,231,206,#F7E7CE
Champagne pink,25,14,95,241,221,207,#F1DDCF
Charcoal,204,32,31,54,69,79,#36454F
Charleston green,180,19,17,35,43,43,#232B2B
Charm pink,340,38,90,230,143,172,#E68FAC
Chartreuse (traditional),68,100,100,223,255,0,#DFFF00
Chartreuse (web),90,100,100,127,255,0,#7FFF00
Cherry,343,78,87,222,49,99,#DE3163
Cherry blossom pink,348,28,100,255,183,197,#FFB7C5
Chestnut,10,64,58,149,69,53,#954535
China pink,333,50,87,222,111,161,#DE6FA1
China rose,340,52,66,168,81,110,#A8516E
Chinese red,11,82,67,170,56,30,#AA381E
Chinese violet,296,29,53,133,96,136,#856088
Chlorophyll green,103,100,100,74,255,0,#4AFF00
Chocolate (traditional),31,100,48,123,63,0,#7B3F00
Chocolate (web),25,86,82,210,105,30,#D2691E
Chrome yellow,39,100,100,255,167,0,#FFA700
Cinereous,12,19,60,152,129,123,#98817B
Cinnabar,5,77,89,227,66,52,#E34234
Cinnamon[citation needed],25,86,82,210,105,30,#D2691E
Cinnamon Satin,343,53,80,205,96,126,#CD607E
Citrine,54,96,89,228,208,10,#E4D00A
Citron,64,82,66,158,169,31,#9FA91F
Claret,343,82,50,127,23,52,#7F1734
Classic rose,326,19,98,251,204,231,#FBCCE7
Cobalt Blue,215,100,67,0,71,171,#0047AB
Cocoa brown,25,86,82,210,105,30,#D2691E
Coconut,19,59,59,150,90,62,#965A3E
Coffee,25,50,44,111,78,55,#6F4E37
Columbia Blue,200,13,89,196,216,226,#C4D8E2
Congo pink,5,51,97,248,131,121,#F88379
Cool Black,212,100,38,0,46,99,#002E63
Cool grey,229,19,67,140,146,172,#8C92AC
Copper,29,72,72,184,115,51,#B87333
Copper (Crayola),18,53,85,218,138,103,#DA8A67
Copper penny,5,39,68,173,111,105,#AD6F69
Copper red,14,60,80,203,109,81,#CB6D51
Copper rose,0,33,60,153,102,102,#996666
Coquelicot,13,100,100,255,56,0,#FF3800
Coral,16,69,100,255,127,80,#FF7F50
Coral pink,5,51,97,248,131,121,#F88379
Coral red,0,75,100,255,64,64,#FF4040
Coral Reef,6,57,99,253,124,110,#FD7C6E
Cordovan,355,54,54,137,63,69,#893F45
Corn,54,63,98,251,236,93,#FBEC5D
Cornell Red,0,85,70,179,27,27,#B31B1B
Cornflower blue,219,58,93,100,149,237,#6495ED
Cornsilk,48,14,100,255,248,220,#FFF8DC
Cosmic Cobalt,241,67,53,46,45,136,#2E2D88
Cosmic latte,43,9,100,255,248,231,#FFF8E7
Coyote brown,62,52,51,129,97,60,#81613e
Cotton candy,334,26,100,255,188,217,#FFBCD9
Cream,57,18,100,255,253,208,#FFFDD0
Crimson,348,91,86,220,20,60,#DC143C
Crimson glory,344,100,75,190,0,50,#BE0032
Crimson red,0,100,60,153,0,0,#990000
Cultured,0,0,96,245,245,245,#F5F5F5
Cyan,180,100,100,0,255,255,#00FFFF
Cyan azure,209,57,71,78,130,180,#4E82b4
Cyan-blue azure,210,63,75,70,130,191,#4682BF
Cyan cobalt blue,215,74,61,40,88,156,#28589C
Cyan cornflower blue,199,88,76,24,139,194,#188BC2
Cyan (process),193,100,92,0,183,235,#00B7EB
Cyber grape,263,47,49,88,66,124,#58427C
Cyber yellow,50,100,100,255,211,0,#FFD300
Daffodil,60,81,100,255,255,49,#FFFF31
Dandelion,55,80,94,240,225,48,#F0E130
Dark blue,240,100,55,0,0,139,#00008B
Dark blue-gray,240,33,60,102,102,153,#666699
Dark brown,30,67,40,101,67,33,#654321
Dark brown-tangelo,24,43,53,136,101,78,#88654E
Dark byzantium,315,39,36,93,57,84,#5D3954
Dark candy apple red,0,100,64,164,0,0,#A40000
Dark cerulean,209,94,49,8,69,126,#08457E
Dark chestnut,10,37,60,152,105,96,#986960
Dark coral,10,66,80,205,91,69,#CD5B45
Dark cyan,180,100,55,0,139,139,#008B8B
Dark electric blue,206,31,47,83,104,120,#536878
Dark goldenrod,43,94,72,184,134,11,#B8860B
Dark gray (X11),0,0,66,169,169,169,#A9A9A9
Dark green,158,98,20,1,50,32,#013220
Dark green (X11),120,100,39,0,100,0,#006400
Dark gunmetal,202,26,16,31,38,42,#006400
Dark imperial blue,203,100,42,0,65,106,#00416A
Dark imperial blue,183,100,40,0,20,126,#6E6EF9
Dark jungle green,162,28,14,26,36,33,#1A2421
Dark khaki,56,43,74,189,183,107,#BDB76B
Dark lava,27,31,28,72,60,50,#483C32
Dark lavender,270,47,59,115,79,150,#734F96
Dark liver,330,10,33,83,75,79,#534B4F
Dark liver (horses),12,35,33,84,61,55,#543D37
Dark magenta,300,100,55,139,0,139,#8B008B
Dark medium gray,0,0,66,169,169,169,#A9A9A9
Dark midnight blue,210,100,40,0,51,102,#003366
Dark moss green,80,62,36,74,93,35,#4A5D23
Dark olive green,82,56,42,85,107,47,#556B2F
Dark orange,33,100,100,255,140,0,#FF8C00
Dark orchid,280,75,80,153,50,204,#9932CC
Dark pastel blue,212,41,80,119,158,203,#779ECB
Dark pastel green,138,98,75,3,192,60,#03C03C
Dark pastel purple,263,48,84,150,111,214,#966FD6
Dark pastel red,9,82,76,194,59,34,#C23B22
Dark pink,342,64,91,231,84,128,#E75480
Dark powder blue,220,100,60,0,51,153,#003399
Dark puce,354,27,31,79,58,60,#4F3A3C
Dark purple,291,51,20,48,25,52,#301934
Dark raspberry,330,72,53,135,38,87,#872657
Dark red,0,100,55,139,0,0,#8B0000
Dark salmon,15,48,91,233,150,122,#E9967A
Dark scarlet,344,97,34,86,3,25,#560319
Dark sea green,120,24,74,143,188,143,#8FBC8F
Dark sienna,0,67,24,60,20,20,#3C1414
Dark sky blue,199,35,84,140,190,214,#8CBED6
Dark slate blue,248,56,55,72,61,139,#483D8B
Dark slate gray,180,41,31,47,79,79,#2F4F4F
Dark spring green,150,80,45,23,114,69,#177245
Dark tan,45,44,57,145,129,81,#918151
Dark tangerine,38,93,100,255,168,18,#FFA812
Dark taupe,27,31,28,72,60,50,#483C32
Dark terra cotta,353,62,80,204,78,92,#CC4E5C
Dark turquoise,181,100,82,0,206,209,#00CED1
Dark vanilla,32,20,82,209,190,168,#D1BEA8
Dark violet,282,100,83,148,0,211,#9400D3
Dark yellow,52,92,61,155,135,12,#9B870C
Dartmouth green,152,100,44,0,112,60,#00703C
Davy's grey,0,0,33,85,85,85,#555555
Debian red,339,95,84,215,10,83,#D70A53
Deep aquamarine,161,51,51,64,130,109,#40826D
Deep carmine,347,81,66,169,32,62,#A9203E
Deep carmine pink,357,80,94,239,48,56,#EF3038
Deep carrot orange,19,81,91,233,105,44,#E9692C
Deep cerise,330,77,85,218,50,135,#DA3287
Deep champagne,35,34,98,250,214,165,#FAD6A5
Deep chestnut,3,61,73,185,78,72,#B94E48
Deep coffee,1,42,44,112,66,65,#704241
Deep fuchsia,300,56,76,193,84,193,#C154C1
Deep Green,122,95,40,5,102,8,#056608
Deep green-cyan turquoise,165,89,49,14,124,97,#0E7C61
Deep jungle green,178,100,29,0,75,73,#004B49
Deep koamaru,240,50,40,51,51,102,#333366
Deep lemon,47,89,96,245,199,26,#F5C71A
Deep lilac,280,55,73,153,85,187,#9955BB
Deep magenta,300,100,80,204,0,204,#CC00CC
Deep maroon,0,100,51,130,0,0,#820000
Deep mauve,300,46,83,212,115,212,#D473D4
Deep moss green,129,44,37,53,94,59,#355E3B
Deep peach,26,36,100,255,203,164,#FFCBA4
Deep pink,328,92,100,255,20,147,#FF1493
Deep puce,351,46,66,169,92,104,#A95C68
Deep Red,0,99,52,133,1,1,#850101
Deep ruby,336,52,52,132,63,91,#843F5B
Deep saffron,30,80,100,255,153,51,#FF9933
Deep sky blue,195,100,100,0,191,255,#00BFFF
Deep Space Sparkle,194,31,42,74,100,108,#4A646C
Deep spring bud,82,56,42,85,107,47,#556B2F
Deep Taupe,356,25,49,126,94,96,#7E5E60
Deep Tuscan red,342,35,40,102,66,77,#66424D
Deep violet,270,100,40,51,0,102,#330066
Deer,28,52,73,186,135,89,#BA8759
Denim,213,89,74,21,96,189,#1560BD
Brown Sugar,20,56,69,175,110,77,#AF6E4D
Desaturated cyan,180,33,60,102,153,153,#669999
Desert,33,45,76,193,154,107,#C19A6B
Desert sand,25,26,93,237,201,175,#EDC9AF
Desire,352,74,92,234,60,83,#EA3C53
Diamond,191,27,100,185,242,255,#B9F2FF
Dim gray,0,0,41,105,105,105,#696969
Dingy Dungeon,347,75,77,197,49,81,#C53151
Dirt,29,46,61,155,118,83,#9B7653
Dodger blue,210,88,100,30,144,255,#1E90FF
Dogwood rose,335,89,84,215,24,104,#D71868
Dollar bill,98,46,73,133,187,101,#85BB65
Dolphin Gray,130,8,56,130,142,132,#828E84
Donkey brown,35,61,40,102,76,40,#664C28
Drab,43,85,59,150,113,23,#967117
Duke blue,240,100,61,0,0,156,#00009C
Dust storm,6,12,90,229,204,201,#E5CCC9
Dutch white,42,22,94,239,223,187,#EFDFBB
Earth yellow,34,58,88,225,169,95,#E1A95F
Ebony,97,14,36,85,93,80,#555D50
Ecru,45,34,76,194,178,128,#C2B280
Eerie black,0,0,11,27,27,27,#1B1B1B
Eggplant,329,34,38,97,64,81,#614051
Eggshell,46,11,94,240,234,214,#F0EAD6
Egyptian blue,226,90,65,16,52,166,#1034A6
Electric blue,183,51,100,125,249,255,#7DF9FF
Electric crimson,345,100,100,255,0,63,#FF003F
Electric cyan,180,100,100,0,255,255,#00FFFF
Electric green,120,100,100,0,255,0,#00FF00
Electric indigo,266,100,100,111,0,255,#6F00FF
Electric lavender,290,27,100,244,187,255,#F4BBFF
Electric lime,72,100,100,204,255,0,#CCFF00
Electric purple,285,100,100,191,0,255,#BF00FF
Electric ultramarine,255,100,100,63,0,255,#3F00FF
Electric violet,274,100,100,143,0,255,#8F00FF
Electric yellow,60,80,100,255,255,51,#FFFF33
Emerald,140,60,78,80,200,120,#50C878
Eminence,284,63,51,108,48,130,#6C3082
English green,162,65,30,27,77,62,#1B4D3E
English lavender,338,27,71,180,131,149,#B48395
English red,356,56,67,171,75,82,#AB4B52
English violet,289,35,36,86,60,92,#563C5C
Eton blue,134,25,78,150,200,162,#96C8A2
Eucalyptus,161,68,84,68,215,168,#44D7A8
Fallow,33,45,76,193,154,107,#C19A6B
Falu red,0,81,50,128,24,24,#801818
Fandango,320,72,71,181,51,137,#B53389
Fandango pink,338,63,87,222,82,133,#DE5285
Fashion fuchsia,320,100,96,244,0,161,#F400A1
Fawn,30,51,90,229,170,112,#E5AA70
Feldgrau,143,17,36,77,93,83,#4D5D53
Feldspar,28,30,99,253,213,177,#FDD5B1
Fern green,106,45,47,79,121,66,#4F7942
Ferrari Red,9,100,100,255,40,0,#FF2800
Field drab,42,72,42,108,84,30,#6C541E
Fiery Rose,350,67,100,255,84,112,#FF5470
Firebrick,0,81,70,178,34,34,#B22222
Fire engine red,357,84,81,206,32,41,#CE2029
Flame,17,85,89,226,88,34,#E25822
Flamingo pink,344,44,99,252,142,172,#FC8EAC
Flattery,28,67,42,107,68,35,#6B4423
Flavescent,52,43,97,247,233,142,#F7E98E
Flax,50,45,93,238,220,130,#EEDC82
Flirt,320,100,64,162,0,109,#A2006D
Floral white,40,6,100,255,250,240,#FFFAF0
Fluorescent orange,45,100,100,255,191,0,#FFBF00
Fluorescent pink,328,92,100,255,20,147,#FF1493
Fluorescent yellow,72,100,100,204,255,0,#CCFF00
Folly,341,100,100,255,0,79,#FF004F
Forest green (traditional),149,99,27,1,68,33,#014421
Forest green (web),120,76,55,34,139,34,#228B22
French beige,26,45,65,166,123,91,#A67B5B
French bistre,34,42,52,133,109,77,#856D4D
French blue,203,100,73,0,114,187,#0072BB
French fuchsia,334,75,99,253,63,146,#FD3F92
French lilac,290,32,56,134,96,142,#86608E
French lime,89,78,99,158,253,56,#9EFD38
French mauve,300,46,83,212,115,212,#D473D4
French pink,339,57,99,253,108,158,#FD6C9E
French plum,325,84,51,129,20,83,#811453
French puce,11,88,31,78,22,9,#4E1609
French raspberry,349,78,78,199,44,72,#C72C48
French rose,338,70,96,246,74,138,#F64A8A
French sky blue,212,53,100,119,181,254,#77B5FE
French violet,279,97,81,136,6,206,#8806CE
French wine,344,83,67,172,30,68,#AC1E44
Fresh Air,196,35,100,166,231,255,#A6E7FF
Frostbite,322,77,91,233,54,167,#E936A7
Fuchsia,300,100,100,255,0,255,#FF00FF
Fuchsia (Crayola),300,56,76,193,84,193,#C154C1
Fuchsia pink,300,53,100,255,119,255,#FF77FF
Fuchsia purple,333,72,80,204,57,123,#CC397B
Fuchsia rose,337,66,78,199,67,117,#C74375
Fulvous,35,100,89,228,132,0,#E48400
Fuzzy Wuzzy,20,77,53,135,66,31,#87421F
Gainsboro,0,0,86,220,220,220,#DCDCDC
Gamboge,39,93,89,228,155,15,#E49B0F
Gamboge orange (brown),40,100,60,152,102,0,#996600
Gargoyle Gas,50,73,100,255,223,70,#FFDF46
Generic viridian,168,100,50,0,127,102,#007F66
Ghost white,240,3,100,248,248,255,#F8F8FF
Giant's Club,6,53,69,176,92,82,#B05C52
Giants orange,16,89,100,254,90,29,#FE5A1D
Ginger,34,100,69,176,101,0,#B06500
Glaucous,216,47,71,96,130,182,#6082B6
Glitter,234,8,98,230,232,250,#E6E8FA
Glossy Grape,285,18,70,171,146,179,#AB92B3
GO green,156,100,67,0,171,102,#00AB66
Gold (metallic),46,74,83,212,175,55,#D4AF37
Gold (web) (Golden),51,100,100,255,215,0,#FFD700
Gold Fusion,43,41,52,133,117,78,#85754E
Golden brown,36,86,60,153,101,21,#996515
Golden poppy,46,100,99,252,194,0,#FCC200
Golden yellow,52,100,100,255,223,0,#FFDF00
Goldenrod,43,85,85,218,165,32,#DAA520
Granite Gray,0,0,40,103,103,103,#676767
Granny Smith Apple,113,30,89,168,228,160,#A8E4A0
Grape,272,73,66,111,45,168,#6F2DA8
Gray,0,0,50,128,128,128,#808080
Gray (HTML/CSS gray),0,0,50,128,128,128,#808080
Gray (X11 gray),0,0,75,190,190,190,#BEBEBE
Gray-asparagus,117,22,35,70,89,69,#465945
Gray-blue,229,19,67,140,146,172,#8C92AC
Green (Color Wheel) (X11 green),120,100,100,0,255,0,#00FF00
Green (Crayola),158,84,67,28,172,120,#1CAC78
Green (HTML/CSS color),120,100,50,0,128,0,#008000
Green (Munsell),163,100,66,0,168,119,#00A877
Green (NCS),160,100,62,0,159,107,#009F6B
Green (Pantone),143,100,68,0,173,67,#00AD43
Green (pigment),149,100,65,0,165,80,#00A550
Green (RYB),95,72,69,102,176,50,#66B032
Green-blue,209,91,71,17,100,180,#1164B4
Green-cyan,160,100,60,0,153,102,#009966
Green Lizard,84,80,96,167,244,50,#A7F432
Green Sheen,168,37,68,110,174,161,#6EAEA1
Green-yellow,84,82,100,173,255,47,#ADFF2F
Grizzly,34,82,53,136,88,24,#885818
Grullo,34,21,66,169,154,134,#A99A86
Guppie green,150,100,100,0,255,127,#00FF7F
Gunmetal,200,15,19,42,52,57,#2A3439
Halayà úbe,323,45,40,102,55,84,#663854
Han blue,223,67,81,68,108,207,#446CCF
Han purple,255,90,98,82,24,250,#5218FA
Hansa yellow,51,54,91,233,214,107,#E9D66B
Harlequin,105,100,100,63,255,0,#3FFF00
Harlequin green,105,88,80,70,203,24,#46CB18
Harvard crimson,353,100,79,201,0,22,#C90016
Harvest gold,40,100,85,218,145,0,#DA9100
Heart Gold,60,100,50,128,128,0,#808000
Heat Wave,29,100,100,255,122,0,#FF7A00
Heidelberg Red [1],10,100,60,150,0,24,#960018
Heliotrope,286,55,100,223,115,255,#DF73FF
Heliotrope gray,303,11,67,170,152,168,#AA98A9
Heliotrope magenta,295,100,73,170,0,187,#AA00BB
Hollywood cerise,320,100,96,244,0,161,#F400A1
Honeydew,120,6,100,240,255,240,#F0FFF0
Honolulu blue,203,100,69,0,109,176,#006DB0
Hooker's green,163,40,47,73,121,107,#49796B
Hot magenta,313,89,100,255,29,206,#FF1DCE
Hot pink,330,59,100,255,105,180,#FF69B4
Hunter green,129,44,37,53,94,59,#355E3B
Iceberg,207,46,82,113,166,210,#71A6D2
Icterine,58,63,99,252,247,94,#FCF75E
Turquoise Surf,182,100,80,0,197,205,#00C5CD
Illuminating Emerald,164,66,57,49,145,119,#319177
Imperial,289,56,42,96,47,107,#602F6B
Imperial blue,226,100,58,0,35,149,#002395
Imperial purple,325,98,40,102,2,60,#66023C
Imperial red,355,83,93,237,41,57,#ED2939
Inchworm,84,61,93,178,236,93,#B2EC5D
Independence,231,30,43,76,81,109,#4C516D
India green,115,94,53,19,136,8,#138808
Indian red,0,55,80,205,92,92,#CD5C5C
Indian yellow,35,62,89,227,168,87,#E3A857
Indigo,266,100,100,75,0,130,#4B0082
Indigo dye,230,94,57,9,31,146,#091F92
Indigo (web),275,100,51,75,0,130,#4B0082
Infra Red,348,71,100,255,73,108,#FF496C
International Klein Blue,223,100,65,0,47,167,#002FA7
International orange (aerospace),19,100,100,255,79,0,#FF4F00
International orange (engineering),3,94,73,186,22,12,#BA160C
International orange (Golden Gate Bridge),4,77,75,192,54,44,#C0362C
Iris,245,62,81,90,79,207,#5A4FCF
Irresistible,338,62,70,179,68,108,#B3446C
Isabelline,30,3,96,244,240,236,#F4F0EC
Islamic green,120,100,56,0,144,0,#009000
Italian sky blue,180,30,100,178,255,255,#B2FFFF
Ivory,60,6,100,255,255,240,#FFFFF0
Jade,158,100,66,0,168,107,#00A86B
Japanese carmine,355,74,62,157,41,51,#9D2933
Japanese indigo,189,47,28,38,67,72,#264348
Japanese violet,307,45,36,91,50,86,#5B3256
Jasmine,47,49,97,248,222,126,#F8DE7E
Jasper,359,73,84,215,59,62,#D73B3E
Jazzberry jam,328,93,65,165,11,94,#A50B5E
Jelly Bean,8,64,85,218,97,78,#DA614E
Jet,0,0,20,52,52,52,#343434
Jonquil,49,91,96,244,202,22,#F4CA16
Jordy blue,213,43,95,138,185,241,#8AB9F1
June bud,73,60,85,189,218,87,#BDDA57
Jungle green,163,76,67,41,171,135,#29AB87
Kelly green,101,88,73,76,187,23,#4CBB17
Kenyan copper,12,96,49,124,28,5,#7C1C05
Keppel,171,67,69,58,176,158,#3AB09E
Key Lime,67,43,96,232,244,140,#E8F48C
Khaki (HTML/CSS) (Khaki),37,26,76,195,176,145,#C3B091
Khaki (X11) (Light khaki),54,42,94,240,230,140,#F0E68C
Kiwi,91,72,90,142,229,63,#8EE53F
Kobe,12,83,53,136,45,23,#882D17
Kobi,329,31,91,231,159,196,#E79FC4
Kobicha,28,67,42,107,68,35,#6B4423
Kombu green,103,27,26,53,66,48,#354230
KSU Purple,266,71,53,79,38,131,#512888
KU Crimson,357,100,91,232,0,13,#E8000D
La Salle Green,141,93,47,8,120,48,#087830
Languid lavender,278,9,87,214,202,221,#D6CADD
Lapis lazuli,210,76,61,38,97,156,#26619C
Laser Lemon,60,60,100,255,255,102,#FFFF66
Laurel green,95,16,73,169,186,157,#A9BA9D
Lava,355,92,81,207,16,32,#CF1020
Lavender (floral),275,43,86,181,126,220,#B57EDC
Lavender (web),240,8,98,230,230,250,#E6E6FA
Lavender blue,240,20,100,204,204,255,#CCCCFF
Lavender blush,340,6,100,255,240,245,#FFF0F5
Lavender gray,245,6,82,196,195,208,#C4C3D0
Lavender indigo,265,63,92,148,87,235,#9457EB
Lavender magenta,300,45,93,238,130,238,#EE82EE
Lavender mist,240,8,98,230,230,250,#E6E6FA
Lavender pink,332,31,98,251,174,210,#FBAED2
Lavender purple,267,32,71,150,123,182,#967BB6
Lavender rose,316,36,98,251,160,227,#FBA0E3
Lawn green,90,100,99,124,252,0,#7CFC00
Lemon,58,100,100,255,247,0,#FFF700
Lemon chiffon,54,20,100,255,250,205,#FFFACD
Lemon curry,45,86,80,204,160,29,#CCA01D
Lemon glacier,60,100,100,253,255,0,#FDFF00
Lemon lime,67,100,100,227,255,0,#E3FF00
Lemon meringue,47,23,96,246,234,190,#F6EABE
Lemon yellow,56,69,100,255,244,79,#FFF44F
Lenurple,274,32,85,186,147,216,#BA93D8
Licorice,6,38,10,26,17,16,#1A1110
Liberty,236,50,65,84,90,167,#545AA7
Light apricot,28,30,99,253,213,177,#FDD5B1
Light blue,195,25,90,173,216,230,#ADD8E6
Light brilliant red,0,82,100,254,46,46,#FE2E2E
Light brown,28,84,71,181,101,29,#B5651D
Light carmine pink,355,55,90,230,103,113,#E66771
Light cobalt blue,215,39,88,136,172,224,#88ACE0
Light coral,0,47,94,240,128,128,#F08080
Light cornflower blue,201,37,92,147,204,234,#93CCEA
Light crimson,343,57,96,245,105,145,#F56991
Light cyan,180,12,100,224,255,255,#E0FFFF
Light deep pink,318,64,100,255,92,205,#FF5CCD
Light French beige,38,37,78,200,173,127,#C8AD7F
Light fuchsia pink,305,47,98,249,132,239,#F984EF
Light goldenrod yellow,60,16,98,250,250,210,#FAFAD2
Light gray,0,0,83,211,211,211,#D3D3D3
Light grayish magenta,300,25,80,204,153,204,#CC99CC
Light green,120,39,93,144,238,144,#90EE90
Light hot pink,326,30,100,255,179,222,#FFB3DE
Light khaki,54,42,94,240,230,140,#F0E68C
Light medium orchid,309,27,83,211,155,203,#D39BCB
Light moss green,120,22,87,173,223,173,#ADDFAD
Light orchid,315,27,90,230,168,215,#E6A8D7
Light pastel purple,261,28,85,177,156,217,#B19CD9
Light pink,351,29,100,255,182,193,#FFB6C1
Light red ochre,14,65,91,233,116,81,#E97451
Light salmon,17,52,100,255,160,122,#FFA07A
Light salmon pink,0,40,100,255,153,153,#FF9999
Light sea green,177,82,70,32,178,170,#20B2AA
Light sky blue,203,46,98,135,206,250,#87CEFA
Light slate gray,210,22,60,119,136,153,#778899
Light steel blue,214,21,87,176,196,222,#B0C4DE
Light taupe,26,39,70,179,139,109,#B38B6D
Light Thulian pink,340,38,90,230,143,172,#E68FAC
Light yellow,60,12,100,255,255,224,#FFFFE0
Lilac,300,19,78,200,162,200,#C8A2C8
Lilac Luster,311,13,68,174,152,170,#AE98AA
Lime (color wheel),75,100,100,191,255,0,#BFFF00
Lime (web) (X11 green),120,100,100,0,255,0,#00FF00
Lime green,120,76,80,50,205,50,#32CD32
Limerick,72,95,76,157,194,9,#9DC209
Lincoln green,106,94,35,25,89,5,#195905
Linen,30,8,98,250,240,230,#FAF0E6
Lion,33,45,76,193,154,107,#C19A6B
Liseran purple,333,50,87,222,111,161,#DE6FA1
Little boy blue,212,51,86,108,160,220,#6CA0DC
Liver,9,31,40,103,76,71,#674C47
Liver (dogs),29,78,72,184,109,41,#B86D29
Liver (organ),12,71,42,108,46,31,#6C2E1F
Liver chestnut,27,43,60,152,116,86,#987456
Livid,210,50,80,102,153,204,#6699CC
Lumber,28,20,100,255,228,205,#FFE4CD
Lust,0,86,90,230,32,32,#E62020
Macaroni and Cheese,27,47,100,255,189,136,#FFBD88
Madder Lake,359,75,80,204,51,54,#CC3336
Magenta,300,100,100,255,0,255,#FF00FF
Magenta (Crayola),332,67,100,255,85,163,#FF55A3
Magenta (dye),328,85,79,202,31,123,#CA1F7B
Magenta (Pantone),334,69,82,208,65,126,#D0417E
Magenta (process),326,100,100,255,0,144,#FF0090
Magenta haze,327,57,62,159,69,118,#9F4576
Magenta-pink,325,75,80,204,51,139,#CC338B
Magic mint,153,29,94,170,240,209,#AAF0D1
Magic Potion,349,73,100,255,68,102,#FF4466
Magnolia,262,4,100,248,244,255,#F8F4FF
Mahogany,20,100,75,192,64,0,#C04000
Maize,54,63,98,251,236,93,#FBEC5D
Majorelle Blue,247,64,86,96,80,220,#6050DC
Malachite,140,95,85,11,218,81,#0BDA51
Manatee,231,11,67,151,154,170,#979AAA
Mandarin,18,70,95,243,122,72,#F37A48
Mango Tango,20,74,100,255,130,67,#FF8243
Mantis,110,48,76,116,195,101,#74C365
Mardi Gras,301,100,53,136,0,133,#880085
Marigold,39,85,91,234,162,33,#EAA221
Maroon (Crayola),346,83,76,195,33,72,#C32148
Maroon (HTML/CSS),0,100,50,128,0,0,#800000
Maroon (X11),338,73,69,176,48,96,#B03060
Mauve,276,31,100,224,176,255,#E0B0FF
Mauve taupe,343,34,57,145,95,109,#915F6D
Mauvelous,348,36,94,239,152,170,#EF98AA
Maximum Blue,195,65,80,71,171,204,#47ABCC
Maximum Blue Green,180,75,75,48,191,191,#30BFBF
Maximum Blue Purple,240,25,90,172,172,230,#ACACE6
Maximum Green,90,65,55,94,140,49,#5E8C31
Maximum Green Yellow,65,65,90,217,230,80,#D9E650
Maximum Purple,290,60,50,115,51,128,#733380
Maximum Red,0,85,85,217,33,33,#D92121
Maximum Red Purple,325,65,65,166,58,121,#A63A79
Maximum Yellow,60,78,98,250,250,55,#FAFA37
Maximum Yellow Red,40,70,95,242,186,73,#F2BA49
May green,112,55,57,76,145,65,#4C9141
Maya blue,205,54,98,115,194,251,#73C2FB
Meat brown,44,74,90,229,183,59,#E5B73B
Medium aquamarine,154,54,87,102,221,170,#66DDAA
Medium blue,240,100,80,0,0,205,#0000CD
Medium candy apple red,350,97,89,226,6,44,#E2062C
Medium carmine,5,70,69,175,64,53,#AF4035
Medium champagne,48,30,95,243,229,171,#F3E5AB
Medium electric blue,209,98,59,3,80,150,#035096
Medium jungle green,161,47,21,28,53,45,#1C352D
Medium lavender magenta,300,28,87,221,160,221,#DDA0DD
Medium orchid,288,60,83,186,85,211,#BA55D3
Medium Persian blue,203,100,65,0,103,165,#0067A5
Medium purple,260,49,86,147,112,219,#9370DB
Medium red-violet,324,73,73,187,51,133,#BB3385
Medium ruby,337,62,67,170,64,105,#AA4069
Medium sea green,147,66,70,60,179,113,#3CB371
Medium sky blue,190,46,92,128,218,235,#80DAEB
Medium slate blue,249,56,93,123,104,238,#7B68EE
Medium spring bud,73,39,86,201,220,135,#C9DC87
Medium spring green,157,100,98,0,250,154,#00FA9A
Medium taupe,9,31,40,103,76,71,#674C47
Medium turquoise,178,66,82,72,209,204,#48D1CC
Medium Tuscan red,9,51,47,121,68,59,#79443B
Medium vermilion,14,73,85,217,96,59,#D9603B
Medium violet-red,322,89,78,199,21,133,#C71585
Mellow apricot,30,52,97,248,184,120,#F8B878
Mellow yellow,47,49,97,248,222,126,#F8DE7E
Melon,7,29,99,253,188,180,#FDBCB4
Metallic Seaweed,186,93,55,10,126,140,#0A7E8C
Metallic Sunburst,41,64,61,156,124,56,#9C7C38
Mexican pink,327,100,89,228,0,124,#E4007C
Middle Blue,126,212,230,190,45,90,#7ED4E6
Middle Blue Green,141,217,204,170,35,85,#8DD9CC
Middle Blue Purple,260,40,75,139,114,190,#8B72BE
Middle Red Purple,139,134,128,33,8,55,#8B8680
Middle Green,130,45,50,77,140,87,#4D8C57
Middle Green Yellow,72,50,75,172,191,96,#ACBF60
Middle Purple,325,40,85,217,130,181,#D982B5
Middle Red,15,50,90,229,144,115,#E58E73
Middle Red Purple,165,83,83,0,83,83,#A55353
Middle Yellow,55,100,100,255,235,0,#FFEB00
Middle Yellow Red,236,177,118,166,58,121,#ECB176
Midnight,300,66,44,112,38,112,#702670
Midnight blue,240,78,44,25,25,112,#191970
Midnight green (eagle green),187,100,33,0,73,83,#004953
Mikado yellow,45,95,100,255,196,12,#FFC40C
Mimi Pink,336,15,100,255,218,233,#FFDAE9
Mindaro,72,45,98,227,249,136,#E3F988
Ming,188,56,49,54,116,125,#36747D
Minion Yellow,52,67,96,245,220,80,#F5E050
Mint,158,66,71,62,180,137,#3EB489
Mint cream,150,4,100,245,255,250,#F5FFFA
Mint green,120,40,100,152,255,152,#98FF98
Misty Moss,54,36,73,187,180,119,#BBB477
Misty rose,6,12,100,255,228,225,#FFE4E1
Moccasin,34,14,98,250,235,215,#FAEBD7
Mode beige,43,85,59,150,113,23,#967117
Moonstone blue,199,41,76,115,169,194,#73A9C2
Mordant red 19,4,100,68,174,12,0,#AE0C00
Moss green,75,41,60,138,154,91,#8A9A5B
Mountain Meadow,161,74,73,48,186,143,#30BA8F
Mountbatten pink,323,20,60,153,122,141,#997A8D
MSU Green,167,65,27,24,69,59,#18453B
Mughal green,120,50,38,48,96,48,#306030
Mulberry,328,62,77,197,75,140,#C54B8C
Mummy's Tomb,130,9,56,130,142,132,#828E84
Mustard,47,65,100,255,219,88,#FFDB58
Myrtle green,176,59,47,49,120,115,#317873
Mystic,338,62,84,214,82,130,#D65282
Mystic Maroon,329,62,68,173,67,121,#AD4379
Nadeshiko pink,339,30,96,246,173,198,#F6ADC6
Napier green,100,100,50,42,128,0,#2A8000
Naples yellow,48,62,98,250,218,94,#FADA5E
Navajo white,36,32,100,255,222,173,#FFDEAD
Navy,240,100,50,0,0,128,#000080
Navy purple,265,63,92,148,87,235,#9457EB
Neon Carrot,31,74,100,255,163,67,#FFA343
Neon fuchsia,349,74,100,254,65,100,#FE4164
Neon green,111,92,100,57,255,20,#39FF14
New Car,223,83,78,33,79,198,#214FC6
New York pink,3,41,84,215,131,127,#D7837F
Nickel,120,2,46,114,116,114,#727472
Non-photo blue,193,31,93,164,221,237,#A4DDED
North Texas Green,140,97,56,5,144,51,#059033
Nyanza,97,14,100,233,255,219,#E9FFDB
Ocean Blue,247,64,71,79,66,181,#4F42B5
Ocean Boat Blue,202,100,75,0,119,190,#0077BE
Ocean Green,157,62,75,72,191,145,#48BF91
Ochre,30,83,80,204,119,34,#CC7722
Office green,120,100,50,0,128,0,#008000
Ogre Odor,6,75,99,253,82,64,#FD5240
Old burgundy,6,31,26,67,48,46,#43302E
Old gold,49,71,81,207,181,59,#CFB53B
Old heliotrope,289,35,36,86,60,92,#563C5C
Old lace,39,9,99,253,245,230,#FDF5E6
Old lavender,304,14,47,121,104,120,#796878
Old mauve,336,52,40,103,49,71,#673147
Old moss green,54,60,53,134,126,54,#867E36
Old rose,359,33,75,192,128,129,#C08081
Old silver,60,2,52,132,132,130,#848482
Olive,60,100,50,128,128,0,#808000
Olive Drab (#3),80,75,56,107,142,35,#6B8E23
Olive Drab #7,43,48,24,60,52,31,#3C341F
Olivine,87,38,73,154,185,115,#9AB973
Onyx,195,7,22,53,56,57,#353839
Opera mauve,319,28,72,183,132,167,#B784A7
Orange (color wheel),30,100,100,255,127,0,#FF7F00
Orange (Crayola),18,78,100,255,117,56,#FF7538
Orange (Pantone),21,100,100,255,88,0,#FF5800
Orange (RYB),36,99,98,251,153,2,#FB9902
Orange (web),39,100,100,255,165,0,#FFA500
Orange peel,37,100,100,255,159,0,#FF9F00
Orange-red,16,100,100,255,69,0,#FF4500
Orange Soda,10,76,98,250,91,61,#FA5B3D
Orange-yellow,45,58,97,248,213,104,#F8D568
Orchid,302,49,85,218,112,214,#DA70D6
Orchid pink,342,22,95,242,189,205,#F2BDCD
Orioles orange,15,92,98,251,79,20,#FB4F14
Otter brown,30,67,40,101,67,33,#654321
Outer Space,191,14,30,65,74,76,#414A4C
Outrageous Orange,12,71,100,255,110,74,#FF6E4A
Oxford Blue,212,100,28,0,33,71,#002147
OU Crimson Red,0,100,60,153,0,0,#990000
Pacific Blue,191,86,79,28,169,201,#1CA9C9
Pakistan green,120,100,40,0,102,0,#006600
Palatinate blue,234,83,89,39,59,226,#273BE2
Palatinate purple,308,62,41,104,40,96,#682860
Pale aqua,206,18,90,188,212,230,#BCD4E6
Pale blue,180,26,93,175,238,238,#AFEEEE
Pale brown,30,45,60,152,118,84,#987654
Pale carmine,5,70,69,175,64,53,#AF4035
Pale cerulean,205,31,89,155,196,226,#9BC4E2
Pale chestnut,358,22,87,221,173,175,#DDADAF
Pale copper,18,53,85,218,138,103,#DA8A67
Pale cornflower blue,210,28,94,171,205,239,#ABCDEF
Pale cyan,200,46,97,135,211,248,#87D3F8
Pale gold,34,40,90,230,190,138,#E6BE8A
Pale goldenrod,55,29,93,238,232,170,#EEE8AA
Pale green,120,39,98,152,251,152,#98FB98
Pale lavender,255,18,100,220,208,255,#DCD0FF
Pale magenta,310,47,98,249,132,229,#F984E5
Pale magenta-pink,330,40,100,255,153,204,#ff99CC
Pale pink,354,13,98,250,218,221,#FADADD
Pale plum,300,28,87,221,160,221,#DDA0DD
Pale red-violet,340,49,86,219,112,147,#DB7093
Pale robin egg blue,169,32,87,150,222,209,#96DED1
Pale silver,21,7,79,201,192,187,#C9C0BB
Pale spring bud,59,20,93,236,235,189,#ECEBBD
Pale taupe,25,33,74,188,152,126,#BC987E
Pale turquoise,180,26,93,175,238,238,#AFEEEE
Pale violet,270,40,100,204,153,255,#CC99FF
Pale violet-red,340,49,86,219,112,147,#DB7093
Palm Leaf,88,58,60,130,142,132,#6F9940
Pansy purple,329,80,47,120,24,74,#78184A
Paolo Veronese green,168,100,61,0,155,125,#009B7D
Papaya whip,37,16,100,255,239,213,#FFEFD5
Paradise pink,347,73,90,230,62,98,#E63E62
Paris Green,140,60,78,80,200,120,#50C878
Parrot Pink,353,30,85,217,152,160,#D998A0
Pastel blue,196,16,81,174,198,207,#AEC6CF
Pastel brown,28,37,51,130,105,83,#836953
Pastel gray,60,5,81,207,207,196,#CFCFC4
Pastel green,120,46,87,119,221,119,#77DD77
Pastel magenta,333,37,96,244,154,194,#F49AC2
Pastel orange,35,72,100,255,179,71,#FFB347
Pastel pink,1,26,87,222,165,164,#DEA5A4
Pastel purple,295,13,71,179,158,181,#B39EB5
Pastel red,3,62,100,255,105,97,#FF6961
Pastel violet,302,25,80,203,153,201,#CB99C9
Pastel yellow,60,41,99,253,253,150,#FDFD96
Patriarch,300,100,50,128,0,128,#800080
Payne's grey,206,31,47,83,104,120,#536878
Peach,39,29,100,255,229,180,#FFE5B4
Peach,26,36,100,255,203,164,#FFCBA4
Peach-orange,30,40,100,255,204,153,#FFCC99
Peach puff,28,27,100,255,218,185,#FFDAB9
Peach-yellow,39,31,98,250,223,173,#FADFAD
Pear,66,78,89,209,226,49,#D1E231
Pearl,42,15,92,234,224,200,#EAE0C8
Pearl Aqua,162,37,85,136,216,192,#88D8C0
Pearly purple,316,43,72,183,104,162,#B768A2
Peridot,59,100,90,230,226,0,#E6E200
Periwinkle,240,20,100,204,204,255,#CCCCFF
Permanent Geranium Lake,0,80,88,225,44,44,#E12C2C
Persian blue,229,85,73,28,57,187,#1C39BB
Persian green,173,100,65,0,166,147,#00A693
Persian indigo,258,85,48,50,18,122,#32127A
Persian orange,26,59,85,217,144,88,#D99058
Persian pink,329,49,97,247,127,190,#F77FBE
Persian plum,0,75,44,112,28,28,#701C1C
Persian red,0,75,80,204,51,51,#CC3333
Persian rose,326,84,100,254,40,162,#FE28A2
Persimmon,22,100,93,236,88,0,#EC5800
Peru,30,69,80,205,133,63,#CD853F
Pewter Blue,200,24,72,139,168,183,#8BA8B7
Phlox,292,100,100,223,0,255,#DF00FF
Phthalo blue,233,100,54,0,15,137,#000F89
Phthalo green,151,66,21,18,53,36,#123524
Picton blue,200,70,91,69,177,232,#45B1E8
Pictorial carmine,338,94,76,195,11,78,#C30B4E
Piggy pink,343,13,99,253,221,230,#FDDDE6
Pine green,175,99,47,1,121,111,#01796F
Pineapple,289,35,36,86,60,13,#563C5C
Pink,350,25,100,255,192,203,#FFC0CB
Pink (Pantone),328,67,84,215,72,148,#D74894
Pink Flamingo,300,54,99,252,116,253,#FC74FD
Pink lace,319,13,100,255,221,244,#FFDDF4
Pink lavender,311,18,85,216,178,209,#D8B2D1
Pink-orange,20,60,100,255,153,102,#FF9966
Pink pearl,324,26,91,231,172,207,#E7ACCF
Pink raspberry,339,100,60,152,0,54,#980036
Pink Sherbet,346,42,97,247,143,167,#F78FA7
Pistachio,96,42,77,147,197,114,#93C572
Pixie Powder,260,87,52,57,18,133,#391285
Platinum,40,1,90,229,228,226,#E5E4E2
Plum,307,51,56,142,69,133,#8E4585
Plum (web),300,28,87,221,160,221,#DDA0DD
Plump Purple,251,61,70,89,70,178,#5946B2
Polished Pine,166,43,64,93,164,147,#5DA493
Pomp and Power,290,32,56,134,96,142,#86608E
Popstar,350,58,75,190,79,98,#BE4F62
Portland Orange,11,79,100,255,90,54,#FF5A36
Powder blue,187,23,90,176,224,230,#B0E0E6
Princeton orange,26,85,96,245,128,37,#F58025
Princess Perfume,324,48,100,255,133,207,#FF85CF
Prune,0,75,44,112,28,28,#701C1C
Prussian blue,205,100,33,0,49,83,#003153
Psychedelic purple,292,100,100,223,0,255,#DF00FF
Puce,345,33,80,204,136,153,#CC8899
Puce red,353,59,45,114,47,55,#722F37
Pullman Brown (UPS Brown),33,77,39,100,65,23,#644117
Pullman Green,45,36,59,59,51,28,#3B331C
Pumpkin,24,91,100,255,117,24,#FF7518
Purple (HTML),300,100,50,128,0,128,#800080
Purple (Munsell),288,100,77,159,0,197,#9F00C5
Purple (X11),277,87,94,160,32,240,#A020F0
Purple Heart,270,66,61,105,53,156,#69359C
Purple mountain majesty,269,34,71,150,120,182,#9678B6
Purple navy,236,39,50,78,81,128,#4E5180
Purple pizzazz,312,69,100,254,78,218,#FE4EDA
Purple Plum,285,56,71,156,81,182,#9C51B6
Purple taupe,311,20,31,80,64,77,#50404D
Purpureus,288,55,68,154,78,174,#9A4EAE
Quartz,313,11,32,81,72,79,#51484F
Queen blue,211,55,58,67,107,149,#436B95
Queen pink,336,12,91,232,204,215,#E8CCD7
Quick Silver,0,0,65,166,166,166,#A6A6A6
Quinacridone magenta,338,59,56,142,58,89,#8E3A59
Rackley,204,45,66,93,138,168,#5D8AA8
Radical Red,348,79,100,255,53,94,#FF355E
Raisin black,300,8,14,36,33,36,#242124
Rajah,29,62,98,251,171,96,#FBAB60
Raspberry,337,95,89,227,11,92,#E30B5D
Raspberry glace,343,34,57,145,95,109,#915F6D
Raspberry pink,330,65,89,226,80,152,#E25098
Raspberry rose,338,62,70,179,68,108,#B3446C
Raw Sienna,24,58,84,214,138,89,#D68A59
Raw umber,33,48,51,130,102,68,#826644
Razzle dazzle rose,315,80,100,255,51,204,#FF33CC
Razzmatazz,338,84,89,227,37,107,#E3256B
Razzmic Berry,308,45,55,141,78,133,#8D4E85
Rebecca Purple,270,67,60,102,52,153,#663399
Red,0,100,100,255,0,0,#FF0000
Red (Crayola),347,87,93,238,32,77,#EE204D
Red (Munsell),345,100,95,242,0,60,#F2003C
Red (NCS),345,99,77,196,2,51,#C40233
Red (Pantone),355,83,93,237,41,57,#ED2939
Red (pigment),358,88,93,237,28,36,#ED1C24
Red (RYB),5,93,100,254,39,18,#FE2712
Red-brown,0,75,65,165,42,42,#A52A2A
Red devil,353,99,53,134,1,17,#860111
Red-orange,3,71,100,255,83,73,#FF5349
Red-purple,328,100,89,228,0,120,#E40078
Red Salsa,355,77,99,253,58,74,#FD3A4A
Red-violet,322,89,78,199,21,133,#C71585
Redwood,6,50,64,164,90,82,#A45A52
Regalia,267,65,50,82,45,128,#522D80
Registration black,0,0,0,0,0,0,#000000
Resolution blue,224,100,53,0,35,135,#002387
Rhythm,242,21,59,119,118,150,#777696
Rich black,180,100,25,0,64,64,#004040
Rich black (FOGRA29),207,95,8,1,11,19,#010B13
Rich black (FOGRA39),210,67,1,1,2,3,#010203
Rich brilliant lavender,291,34,100,241,167,254,#F1A7FE
Rich carmine,342,100,84,215,0,64,#D70040
Rich electric blue,199,96,82,8,146,208,#0892D0
Rich lavender,276,48,81,167,107,207,#A76BCF
Rich lilac,284,51,82,182,102,210,#B666D2
Rich maroon,338,73,69,176,48,96,#B03060
Rifle green,84,26,30,68,76,56,#444C38
Roast coffee,1,42,44,112,66,65,#704241
Robin egg blue,180,100,80,0,204,204,#00CCCC
Rocket metallic,355,8,54,138,127,128,#8A7F80
Roman silver,221,13,59,131,137,150,#838996
Rose,330,100,100,255,0,127,#FF007F
Rose bonbon,330,73,98,249,66,158,#F9429E
Rose Dust,344,41,62,158,94,111,#9E5E6F
Rose ebony,4,32,40,103,72,70,#674846
Rose gold,351,40,72,183,110,121,#B76E79
Rose madder,355,83,89,227,38,54,#E32636
Rose pink,320,60,100,255,102,204,#FF66CC
Rose quartz,303,11,67,170,152,169,#AA98A9
Rose red,340,85,76,194,30,86,#C21E56
Rose taupe,0,35,56,144,93,93,#905D5D
Rose vale,357,54,67,171,78,82,#AB4E52
Rosewood,353,100,40,101,0,11,#65000B
Rosso corsa,0,100,83,212,0,0,#D40000
Rosy brown,0,24,74,188,143,143,#BC8F8F
Royal azure,220,100,66,0,56,168,#0038A8
Royal blue,219,100,40,0,35,102,#002366
Royal blue,225,71,88,65,105,225,#4169E1
Royal fuchsia,321,78,79,202,44,146,#CA2C92
Royal purple,267,52,66,120,81,169,#7851A9
Royal yellow,48,62,98,250,218,94,#FADA5E
Ruber,339,66,81,206,70,118,#CE4676
Rubine red,335,100,82,209,0,86,#D10056
Ruby,337,92,88,224,17,95,#E0115F
Ruby red,354,89,61,155,17,30,#9B111E
Ruddy,351,100,100,255,0,40,#FF0028
Ruddy brown,25,79,73,187,101,40,#BB6528
Ruddy pink,354,37,88,225,142,150,#E18E96
Rufous,8,96,66,168,28,7,#A81C07
Russet,26,79,50,128,70,27,#80461B
Russian green,120,29,57,103,146,103,#679267
Russian violet,270,70,30,50,23,77,#32174D
Rust,18,92,72,183,65,14,#B7410E
Rusty red,352,80,85,218,44,67,#DA2C43
Sacramento State green,164,100,34,0,86,63,#00563F
Saddle brown,25,86,55,139,69,19,#8B4513
Safety orange,28,100,100,255,120,0,#FF7800
Safety orange (blaze orange),24,100,100,255,103,0,#FF6700
Safety yellow,53,99,93,238,210,2,#EED202
Saffron,45,80,96,244,196,48,#F4C430
Sage,55,27,74,188,184,138,#BCB88A
St. Patrick's blue,236,71,48,35,41,122,#23297A
Salmon,6,54,98,250,128,114,#FA8072
Salmon pink,350,43,100,255,145,164,#FF91A4
Sand,45,34,76,194,178,128,#C2B280
Sand dune,43,85,59,150,113,23,#967117
Sandstorm,52,73,93,236,213,64,#ECD540
Sandy brown,28,61,96,244,164,96,#F4A460
Sandy Tan,30,28,99,253,217,181,#FDD9B5
Sandy taupe,43,85,59,150,113,23,#967117
Sangria,356,100,57,146,0,10,#92000A
Sap green,93,66,49,80,125,42,#507D2A
Sapphire,216,92,73,15,82,186,#0F52BA
Sapphire blue,203,100,65,0,103,165,#0067A5
Sasquatch Socks,341,73,100,255,70,129,#FF4681
Satin sheen gold,43,74,80,203,161,53,#CBA135
Scarlet,8,100,100,255,36,0,#FF2400
Scarlet,350,94,99,253,14,53,#FD0E35
Schauss pink,344,43,100,255,145,175,#FF91AF
School bus yellow,51,100,100,255,216,0,#FFD800
Screamin' Green,120,60,100,102,255,102,#66FF66
Sea blue,197,100,58,0,105,148,#006994
Sea Foam Green,149,30,89,195,226,191,#9FE2BF
Sea green,146,67,55,46,139,87,#2E8B57
Sea Serpent,184,64,81,75,199,207,#4BC7CF
Seal brown,21,87,35,89,38,11,#59260B
Seashell,25,7,100,255,245,238,#FFF5EE
Selective yellow,44,100,100,255,186,0,#FFBA00
Sepia,30,82,44,112,66,20,#704214
Shadow,37,33,54,138,121,93,#8A795D
Shadow blue,214,28,65,119,139,165,#778BA5
Shampoo,318,19,100,255,207,241,#FFCFF1
Shamrock green,156,100,62,0,158,96,#009E60
Sheen Green,80,100,83,143,212,0,#8FD400
Shimmering Blush,349,38,85,217,134,149,#D98695
Shiny Shamrock,141,43,66,95,167,120,#5FA778
Shocking pink,315,94,99,252,15,192,#FC0FC0
Shocking pink (Crayola),300,56,100,255,111,255,#FF6FFF
Sienna,12,83,53,136,45,23,#882D17
Silver,0,0,75,192,192,192,#C0C0C0
Silver chalice,0,0,67,172,172,172,#ACACAC
Silver Lake blue,212,50,73,93,137,186,#5D89BA
Silver pink,3,12,77,196,174,173,#C4AEAD
Silver sand,200,2,76,191,193,194,#BFC1C2
Sinopia,17,95,80,203,65,11,#CB410B
Sizzling Red,351,78,100,255,56,85,#FF3855
Sizzling Sunset,52,100,100,255,219,0,#FFDB00
Skobeloff,180,100,45,0,116,116,#007474
Sky blue,197,43,92,135,206,235,#87CEEB
Sky magenta,320,45,81,207,113,175,#CF71AF
Slate blue,248,56,80,106,90,205,#6A5ACD
Slate gray,210,22,56,112,128,144,#708090
Smalt (Dark powder blue),220,100,60,0,51,153,#003399
Smitten,329,68,78,200,65,134,#C84186
Smoke,132,12,51,115,130,118,#738276
Smokey Topaz,15,90,51,131,42,34,#832A0D
Smoky black,30,50,6,16,12,8,#100C08
Smoky Topaz,357,59,58,147,61,65,#933D41
Snow,0,2,76,255,250,250,#FFFAFA
Soap,249,16,94,206,200,239,#CEC8EF
Solid pink,352,59,54,137,56,67,#893843
Sonic silver,0,0,46,117,117,117,#757575
Spartan Crimson,359,88,62,158,19,22,#9E1316
Space cadet,226,64,32,29,41,81,#1D2951
Spanish bistre,52,61,50,128,117,50,#807532
Spanish blue,203,100,72,0,112,184,#0070B8
Spanish carmine,340,100,82,209,0,71,#D10047
Spanish crimson,345,89,90,229,26,76,#E51A4C
Spanish gray,0,0,60,152,152,152,#989898
Spanish green,153,100,57,0,145,80,#009150
Spanish orange,25,100,91,232,97,0,#E86100
Spanish pink,1,23,97,247,191,190,#F7BFBE
Spanish red,350,100,90,230,0,38,#E60026
Spanish sky blue,180,100,100,0,255,255,#00FFFF
Spanish violet,264,69,51,76,40,130,#4C2882
Spanish viridian,163,100,50,0,127,92,#007F5C
Spicy mix,17,45,55,139,95,77,#8B5f4D
Spiro Disco Ball,195,94,99,15,192,252,#0FC0FC
Spring bud,80,100,99,167,252,0,#A7FC00
Spring Frost,94,84,100,135,255,42,#87FF2A
Spring green,150,100,100,0,255,127,#00FF7F
Star command blue,200,100,72,0,123,184,#007BB8
Steel blue,207,61,71,70,130,180,#4682B4
Steel pink,300,75,80,204,51,204,#CC33CC
Steel Teal,181,32,55,95,138,139,#5F8A8B
Stil de grain yellow,48,62,98,250,218,94,#FADA5E
Stizza,0,100,60,153,0,0,#990000
Stormcloud,189,25,42,79,102,106,#4F666A
Straw,54,51,89,228,217,111,#E4D96F
Strawberry,341,64,99,252,90,141,#FC5A8D
Sugar Plum,325,46,57,145,78,117,#914E75
Sunburnt Cyclops,356,75,100,255,64,76,#FF404C
Sunglow,45,80,100,255,204,51,#FFCC33
Sunny,60,50,95,242,242,122,#F2F27A
Sunray,36,62,89,227,171,87,#E3AB57
Sunset,35,34,98,250,214,165,#FAD6A5
Sunset orange,4,67,99,253,94,83,#FD5E53
Super pink,323,48,81,207,107,169,#CF6BA9
Sweet Brown,3,71,66,168,55,49,#A83731
Tan,34,33,82,210,180,140,#D2B48C
Tangelo,19,100,98,249,77,0,#F94D00
Tangerine,33,100,95,242,133,0,#F28500
Tangerine yellow,48,100,100,255,204,0,#FFCC00
Tango pink,355,50,89,228,113,122,#E4717A
Tart Orange,2,72,98,251,77,70,#FB4D46
Taupe,27,31,28,72,60,50,#483C32
Taupe gray,320,4,55,139,133,137,#8B8589
Tea green,100,20,94,208,240,192,#D0F0C0
Tea rose,5,51,97,248,131,121,#F88379
Tea rose,0,20,96,244,194,194,#F4C2C2
Teal,180,100,50,0,128,128,#008080
Teal blue,194,60,53,54,117,136,#367588
Teal deer,140,33,90,153,230,179,#99E6B3
Teal green,179,100,51,0,130,127,#00827F
Telemagenta,334,75,81,207,52,118,#CF3476
Tenné,25,100,80,205,87,0,#CD5700
Terra cotta,10,60,89,226,114,91,#E2725B
Thistle,300,12,85,216,191,216,#D8BFD8
Thulian pink,333,50,87,222,111,161,#DE6FA1
Tickle Me Pink,342,46,99,252,137,172,#FC89AC
Tiffany Blue,178,95,73,10,186,181,#0ABAB5
Tiger's eye,30,73,88,224,141,60,#E08D3C
Timberwolf,33,4,86,219,215,210,#DBD7D2
Titanium yellow,58,100,93,238,230,0,#EEE600
Tomato,9,72,100,255,99,71,#FF6347
Toolbox,246,44,75,116,108,192,#746CC0
Topaz,35,51,100,255,200,124,#FFC87C
Tractor red,350,94,99,253,14,53,#FD0E35
Trolley Grey,0,0,50,128,128,128,#808080
Tropical rain forest,168,100,46,0,117,94,#00755E
Tropical violet,282,26,87,205,164,222,#CDA4DE
True Blue,207,100,81,0,115,207,#0073CF
Tufts Blue,212,66,76,65,125,193,#417DC1
Tulip,357,47,100,255,135,141,#FF878D
Tumbleweed,24,39,87,222,170,136,#DEAA88
Turkish rose,347,37,71,181,114,129,#B57281
Turquoise,174,71,88,64,224,208,#40E0D0
Turquoise blue,176,100,100,0,255,239,#00FFEF
Turquoise green,142,25,84,160,214,180,#A0D6B4
Turquoise Surf,182,100,80,0,197,205,#00C5CD
Turtle green,75,41,60,138,154,91,#8A9A5B
Tuscan,35,34,98,250,214,165,#FAD6A5
Tuscan brown,25,50,44,111,78,55,#6F4E37
Tuscan red,0,42,49,124,72,72,#7C4848
Tuscan tan,26,45,65,166,123,91,#A67B5B
Tuscany,0,20,75,192,153,153,#C09999
Twilight lavender,329,47,54,138,73,107,#8A496B
Tyrian purple,325,98,40,102,2,60,#66023C
UA blue,222,100,67,0,51,170,#0033AA
UA red,339,100,85,217,0,76,#D9004C
Ube,253,38,76,136,120,195,#8878C3
UCLA Blue,221,44,58,83,104,149,#536895
UCLA Gold,42,100,100,255,179,0,#FFB300
UFO Green,141,71,82,60,208,112,#3CD070
Ultramarine,244,93,56,18,10,143,#3F00FF
Ultramarine blue,228,73,96,65,102,245,#4166F5
Ultra pink,300,56,100,255,111,255,#FF6FFF
Ultra red,350,57,99,252,108,133,#FC6C85
Umber,21,28,39,99,81,71,#635147
Unbleached silk,22,21,100,255,221,202,#FFDDCA
United Nations blue,216,60,90,91,146,229,#5B92E5
University of California Gold,40,79,72,183,135,39,#B78727
Unmellow yellow,60,60,100,255,255,102,#FFFF66
UP Forest green,149,99,27,1,68,33,#014421
UP Maroon,359,86,48,123,17,19,#7B1113
Upsdell red,356,82,68,174,32,41,#AE2029
Urobilin,44,85,88,225,173,33,#E1AD21
USAFA blue,209,100,60,0,79,152,#004F98
USC Cardinal,0,100,60,153,0,0,#990000
USC Gold,48,100,100,255,204,0,#FFCC00
University of Tennessee Orange,31,100,97,247,127,0,#F77F00
Utah Crimson,342,100,83,211,0,63,#D3003F
Van Dyke Brown,25,60,0,102,66,40,#664228
Vanilla,48,30,95,243,229,171,#F3E5AB
Vanilla ice,344,41,95,243,143,169,#F38FA9
Vegas gold,50,55,77,197,179,88,#C5B358
Venetian red,356,96,78,200,8,21,#C80815
Verdigris,177,63,70,67,179,174,#43B3AE
Vermilion,5,77,89,227,66,52,#E34234
Vermilion,8,86,85,217,56,30,#D9381E
Veronica,277,87,94,160,32,240,#A020F0
Very light azure,208,54,98,116,187,251,#74BBFB
Very light blue,240,60,100,102,102,255,#6666FF
Very light malachite green,135,57,91,100,233,134,#64E986
Very light tangelo,25,53,100,255,176,119,#FFB077
Very pale orange,30,25,100,255,223,191,#FFDFBF
Very pale yellow,60,25,100,255,255,191,#FFFFBF
Violet,274,100,100,143,0,255,#8F00FF
Violet (color wheel),270,100,100,127,0,255,#7F00FF
Violet (RYB),286,99,69,134,1,175,#8601AF
Violet (web),300,45,93,238,130,238,#EE82EE
Violet-blue,229,72,70,50,74,178,#324AB2
Violet-red,336,66,97,247,83,148,#F75394
Viridian,161,51,51,64,130,109,#40826D
Viridian green,181,100,60,0,150,152,#009698
Vista blue,218,43,85,124,158,217,#7C9ED9
Vivid amber,45,100,80,204,153,0,#cc9900
Vivid auburn,2,75,57,146,39,36,#922724
Vivid burgundy,349,82,62,159,29,53,#9F1D35
Vivid cerise,328,87,85,218,29,129,#DA1D81
Vivid cerulean,197,100,93,0,170,238,#00aaee
Vivid crimson,345,100,80,204,0,51,#CC0033
Vivid gamboge,36,100,100,255,153,0,#FF9900
Vivid lime green,74,96,84,166,214,8,#a6d608
Vivid malachite,135,100,80,0,204,51,#00cc33
Vivid mulberry,288,95,89,184,12,227,#B80CE3
Vivid orange,22,100,100,255,95,0,#FF5F00
Vivid orange peel,18,100,100,255,160,0,#FFA000
Vivid orchid,288,100,100,204,0,255,#CC00FF
Vivid raspberry,335,100,100,255,0,108,#FF006C
Vivid red,357,95,97,247,13,26,#F70D1A
Vivid red-tangelo,20,84,87,223,97,36,#DF6124
Vivid sky blue,192,100,100,0,204,255,#00CCFF
Vivid tangelo,23,84,94,240,116,39,#F07427
Vivid tangerine,12,46,100,255,160,137,#FFA089
Vivid vermilion,19,84,90,229,96,36,#e56024
Vivid violet,277,100,100,159,0,255,#9F00FF
Vivid yellow,53,99,100,255,227,2,#FFE302
Volt,72,100,100,205,255,0,#CEFF00
Warm black,180,100,25,0,66,66,#004242
Waterspout,184,34,98,164,244,249,#A4F4F9
Weldon Blue,204,28,67,124,152,171,#7C98AB
Wenge,7,18,39,100,84,82,#645452
Wheat,39,27,96,245,222,179,#F5DEB3
White,0,0,100,255,255,255,#FFFFFF
White smoke,0,0,96,245,245,245,#F5F5F5
Wild blue yonder,226,22,82,162,173,208,#A2ADD0
Wild orchid,330,47,83,212,112,162,#D470A2
Wild Strawberry,329,74,100,255,67,164,#FF43A4
Wild watermelon,350,57,99,252,108,133,#FC6C85
Willpower orange,21,100,99,253,88,0,#FD5800
Windsor tan,30,99,65,167,85,2,#A75502
Wine,353,59,45,114,47,55,#722F37
Wine dregs,336,52,40,103,49,71,#673147
Winter Sky,331,100,100,255,0,124,#FF007C
Winter Wizard,196,37,100,160,230,255,#A0E6FF
Wintergreen Dream,167,37,53,86,136,125,#56887D
Wisteria,281,27,86,201,160,220,#C9A0DC
Wood brown,33,45,76,193,154,107,#C19A6B
Xanadu,136,14,53,115,134,120,#738678
Yale Blue,212,90,57,15,77,146,#0F4D92
Yankees blue,221,57,25,28,40,65,#1C2841
Yellow,60,100,100,255,255,0,#FFFF00
Yellow (Crayola),50,48,99,252,232,131,#FCE883
Yellow (Munsell),51,100,94,239,204,0,#EFCC00
Yellow (NCS),50,100,100,255,211,0,#FFD300
Yellow (Pantone),53,100,100,254,223,0,#FEDF00
Yellow (process),56,100,100,255,239,0,#FFEF00
Yellow (RYB),60,80,100,254,254,51,#FEFE33
Yellow-green,80,76,80,154,205,50,#9ACD32
Yellow Orange,34,74,100,255,174,66,#FFAE42
Yellow rose,56,100,100,255,240,0,#FFF000
Yellow Sunshine,58,100,100,255,247,0,#FFF700
Zaffre,233,100,66,0,20,168,#0014A8
Zinnwaldite brown,23,82,17,44,22,8,#2C1608
Zomp,166,66,65,57,167,142,#39A78E
